_._ | _._
_._ | _._
_._ | _._
_._ | _._
_._ | _._
_._ | _._
_._ | _._
_._ | _._
_._ | _._
_._ | _._
_._ | _._
_._ | _._
_._ | _._
_._ | _._
_._ | _._
_._ | _._
_._ | _._
_._ | _._
_._ | _._
_._ | _._
_._ | _._
_._ | _._
_._ | _._
_._ | _._
_._ | _._
_._ | _._
_._ | _._
_._ | _._
_._ | _._
_._ | _._
_._ | _._
_._ | _._
_._ | _._
_._ | _._
_._ | _._
_._ | _._
_._ | _._
_._ | _._
_._ | _._
_._ | _._
_._ | _._
_._ | _._
_._ | _._
_._ | _._
_._ | _._
_._ | _._
_._ | _._
_._ | _._
_._ | _._
_._ | _._
_._ | _._
_._ | _._
_._ | _._
_._ | _._
_._ | _._
_._ | _._
_._ | _._
_._ | _._
_._ | _._
_._ | _._
_._ | _._
_._ | _._
_._ | _._
_._ | _._
_._ | _._
_._ | _._
_._ | _._
_._ | _._
_._ | _._ : count(0)
_._ | _._ : count(0)
_._ | _._ : count(0)
_._ | _._ : count(0)
_._ | _._ : count(0)
_._ | _._ : count(0)
